<?xml version="1.0" encoding="UTF-8"?>
<project-private xmlns="http://www.netbeans.org/ns/project-private/1">
    <editor-bookmarks xmlns="http://www.netbeans.org/ns/editor-bookmarks/2" lastBookmarkId="0"/>
    <open-files xmlns="http://www.netbeans.org/ns/projectui-open-files/2">
        <group>
            <file>file:/F:/Project%20Ngoding/Netbeans%20IDE%2021%20JDK%2023/DatabaseAndCRUDbyJulianClever/src/databaseandcrud/MainApp.java</file>
            <file>file:/F:/Project%20Ngoding/Netbeans%20IDE%2021%20JDK%2023/DatabaseAndCRUDbyJulianClever/src/Koneksi/koneksi.java</file>
        </group>
    </open-files>
</project-private>
